Index,Timestamp,Message
1,Sat Jun 12 20:23:26 2021,System running low on Temperature.
2,Sat Jun 12 20:23:26 2021,System running low on Temperature.
3,Sat Jun 12 20:23:26 2021,Temperature Exceeded above Upper Limit.
4,Sat Jun 12 20:23:26 2021,System running low on Temperature.
5,Sat Jun 12 20:23:26 2021,System running low on Temperature.
6,Sat Jun 12 20:23:26 2021,System running low on Temperature.
7,Sat Jun 12 20:23:26 2021,System running low on Temperature.
8,Sat Jun 12 20:23:26 2021,System running low on Temperature.
9,Sat Jun 12 20:23:26 2021,System running low on Temperature.
10,Sat Jun 12 20:23:26 2021,System running low on Temperature.
11,Sat Jun 12 20:23:26 2021,System running low on Temperature.
12,Sat Jun 12 20:23:26 2021,System running low on Temperature.
13,Sat Jun 12 20:23:26 2021,System running low on Temperature.
14,Sat Jun 12 20:23:26 2021,Temperature Exceeded above Upper Limit.
15,Sat Jun 12 20:23:26 2021,System running low on Temperature.
16,Sat Jun 12 20:23:26 2021,System running low on Temperature.
17,Sat Jun 12 20:23:26 2021,System running low on Temperature.
18,Sat Jun 12 20:23:26 2021,System running low on Temperature.
19,Sat Jun 12 20:23:26 2021,System running low on Temperature.
20,Sat Jun 12 20:23:26 2021,System running low on Temperature.
21,Sat Jun 12 20:23:26 2021,System running low on Temperature.
22,Sat Jun 12 20:23:26 2021,System running low on Temperature.
23,Sat Jun 12 20:23:26 2021,System running low on Temperature.
24,Sat Jun 12 20:23:26 2021,System running low on Temperature.
25,Sat Jun 12 20:23:26 2021,System running low on Temperature.
26,Sat Jun 12 20:23:26 2021,System running low on Temperature.
27,Sat Jun 12 20:23:26 2021,System running low on Temperature.
28,Sat Jun 12 20:23:26 2021,System running low on Temperature.
29,Sat Jun 12 20:23:26 2021,System running low on Temperature.
30,Sat Jun 12 20:23:26 2021,System running low on Temperature.
31,Sat Jun 12 20:23:26 2021,System running low on Temperature.
32,Sat Jun 12 20:23:26 2021,System running low on Temperature.
33,Sat Jun 12 20:23:26 2021,System running low on Temperature.
34,Sat Jun 12 20:23:26 2021,System running low on Temperature.
35,Sat Jun 12 20:23:26 2021,Temperature Exceeded above Upper Limit.
36,Sat Jun 12 20:23:26 2021,System running low on Temperature.
37,Sat Jun 12 20:23:26 2021,System running low on Temperature.
38,Sat Jun 12 20:23:26 2021,System running low on Temperature.
39,Sat Jun 12 20:23:26 2021,System running low on Temperature.
40,Sat Jun 12 20:23:26 2021,System running low on Temperature.
41,Sat Jun 12 20:23:26 2021,Temperature Exceeded above Upper Limit.
42,Sat Jun 12 20:23:26 2021,System running low on Temperature.
43,Sat Jun 12 20:23:26 2021,Temperature Exceeded above Upper Limit.
44,Sat Jun 12 20:23:26 2021,System running low on Temperature.
45,Sat Jun 12 20:23:26 2021,System running low on Temperature.
46,Sat Jun 12 20:23:26 2021,System running low on Temperature.
47,Sat Jun 12 20:23:26 2021,System running low on Temperature.
48,Sat Jun 12 20:23:26 2021,System running low on Temperature.
49,Sat Jun 12 20:23:26 2021,Temperature Exceeded above Upper Limit.
50,Sat Jun 12 20:23:26 2021,System running low on Temperature.
51,Sat Jun 12 20:23:26 2021,System running low on Temperature.
52,Sat Jun 12 20:23:26 2021,System running low on Temperature.
53,Sat Jun 12 20:23:26 2021,Temperature Exceeded above Upper Limit.
54,Sat Jun 12 20:23:26 2021,System running low on Temperature.
55,Sat Jun 12 20:23:26 2021,System running low on Temperature.
56,Sat Jun 12 20:23:26 2021,System running low on Temperature.
57,Sat Jun 12 20:23:26 2021,Temperature Exceeded above Upper Limit.
58,Sat Jun 12 20:23:26 2021,System running low on Temperature.
59,Sat Jun 12 20:23:26 2021,System running low on Temperature.
60,Sat Jun 12 20:23:26 2021,Temperature Exceeded above Upper Limit.
61,Sat Jun 12 20:23:26 2021,System running low on Temperature.
62,Sat Jun 12 20:23:26 2021,System running low on Temperature.
63,Sat Jun 12 20:23:26 2021,System running low on Temperature.
64,Sat Jun 12 20:23:26 2021,System running low on Temperature.
65,Sat Jun 12 20:23:26 2021,System running low on Temperature.
66,Sat Jun 12 20:23:26 2021,System running low on Temperature.
67,Sat Jun 12 20:23:26 2021,System running low on Temperature.
68,Sat Jun 12 20:23:26 2021,System running low on Temperature.
69,Sat Jun 12 20:23:26 2021,System running low on Temperature.
70,Sat Jun 12 20:23:26 2021,Temperature Exceeded above Upper Limit.
